<?xml version="1.0" encoding="ISO-8859-1"?>

<!--
  ~ Licensed to the Apache Software Foundation (ASF) under one
  ~ or more contributor license agreements. See the NOTICE file
  ~ distributed with this work for additional information
  ~ regarding copyright ownership. The ASF licenses this file
  ~ to you under the Apache License, Version 2.0 (the
  ~ "License"); you may not use this file except in compliance
  ~ with the License. You may obtain a copy of the License at
  ~
  ~ http://www.apache.org/licenses/LICENSE-2.0
  ~
  ~ Unless required by applicable law or agreed to in writing,
  ~ software distributed under the License is distributed on an
  ~ "AS IS" BASIS, WITHOUT WARRANTIES OR CONDITIONS OF ANY
  ~ KIND, either express or implied. See the License for the
  ~ specific language governing permissions and limitations
  ~ under the License.
  -->

<project name="Maven Axis 2 Java2WSDL Plugin">
  <bannerLeft>
    <name>Maven Axis 2 Java2WSDL Plugin</name>
    <src>http://maven.apache.org/images/apache-maven-project.png</src>
    <href>http://maven.apache.org/</href>
  </bannerLeft>
  <bannerRight>
    <src>http://maven.apache.org/images/maven-small.gif</src>
  </bannerRight>
  <body>
    <links>
      <item name="Apache" href="http://www.apache.org/"/>
      <item name="Webservices" href="http://ws.apache.org/"/>
      <item name="Axis 2" href="http://ws.apache.org/axis2/"/>
      <item name="Maven 2" href="http://maven.apache.org/maven2/"/>
    </links>

    <menu name="Overview">
      <item name="Introduction" href="introduction.html"/>
      <item name="How to Use" href="howto.html"/>
      <item name="Configuration" href="configuration.html"/>
    </menu>
    ${reports}
  </body>
</project>
